Resource,Period,Allocated,Capacity,PeriodOrder,Nonworking,Assignments
M01 Mill A,2026-08-03,16,20,1,0,2
M01 Mill A,2026-08-04,24,20,2,0,3
M01 Mill A,2026-08-05,0,0,3,1,0
M01 Mill A,2026-08-06,4,0,4,1,1
M01 Mill A,2026-08-07,10,20,5,0,1
M02 Lathe B,2026-08-03,18,20,1,0,3
M02 Lathe B,2026-08-04,20,20,2,0,3
M02 Lathe B,2026-08-05,12,16,3,0,2
M02 Lathe B,2026-08-06,0,20,4,0,0
M02 Lathe B,2026-08-07,0,0,5,0,0
M03 Press C,2026-08-03,8,16,1,0,1
M03 Press C,2026-08-04,18,16,2,0,2
M03 Press C,2026-08-05,6,16,3,0,1
M03 Press C,2026-08-06,16,16,4,0,2
M03 Press C,2026-08-07,8,16,5,0,1
